id,title,paper_message,year
1,Chatdev: Communicative agents for software development,"- <span class=""conference-badge"">Conference Name</span>[Chatdev: Communicative agents for software development](https://arxiv.org/abs/2307.07924v5)
Chen Qian, Wei Liu, Hongzhang Liu, Nuo Chen, Yufan Dang, Jiahao Li, Cheng Yang, Weize Chen, Yusheng Su, Xin Cong, Juyuan Xu, Dahai Li, Zhiyuan Liu, Maosong Sun


<a href='https://scholar.google.com/citations?view_op=view_citation&hl=zh-CN&user=OlLjVUcAAAAJ&citation_for_view=OlLjVUcAAAAJ:JoZmwDi-zQgC'><img src=""https://img.shields.io/endpoint?url=https%3A%2F%2Fraw.githubusercontent.com%2Falbertyang33%2Falbertyang33.github.io%2Fgoogle-scholar-stats%2Fselected_pubs%2FJoZmwDi-zQgC.json&logo=Google%20Scholar&labelColor=f6f6f6&color=9cf&style=flat&label=citations""></a>.",2024
2,Tool learning with foundation models,"- <span class=""conference-badge"">Conference Name</span>[Tool learning with foundation models](https://arxiv.org/abs/2304.08354v3)
Yujia Qin, Shengding Hu, Yankai Lin, Weize Chen, Ning Ding, Ganqu Cui, Zheni Zeng, Yufei Huang, Chaojun Xiao, Chi Han, Yi Ren Fung, Yusheng Su, Huadong Wang, Cheng Qian, Runchu Tian, Kunlun Zhu, Shihao Liang, Xingyu Shen, Bokai Xu, Zhen Zhang, Yining Ye, Bowen Li, Ziwei Tang, Jing Yi, Yuzhang Zhu, Zhenning Dai, Lan Yan, Xin Cong, Yaxi Lu, Weilin Zhao, Yuxiang Huang, Junxi Yan, Xu Han, Xian Sun, Dahai Li, Jason Phang, Cheng Yang, Tongshuang Wu, Heng Ji, Zhiyuan Liu, Maosong Sun


<a href='https://scholar.google.com/citations?view_op=view_citation&hl=zh-CN&user=OlLjVUcAAAAJ&citation_for_view=OlLjVUcAAAAJ:tkaPQYYpVKoC'><img src=""https://img.shields.io/endpoint?url=https%3A%2F%2Fraw.githubusercontent.com%2Falbertyang33%2Falbertyang33.github.io%2Fgoogle-scholar-stats%2Fselected_pubs%2FtkaPQYYpVKoC.json&logo=Google%20Scholar&labelColor=f6f6f6&color=9cf&style=flat&label=citations""></a>.",2024
3,GraphTranslator: Aligning Graph Model to Large Language Model for Open-ended Tasks,"- <span class=""conference-badge"">Conference Name</span>[GraphTranslator: Aligning Graph Model to Large Language Model for Open-ended Tasks](https://arxiv.org/abs/2402.07197v4)
Mengmei Zhang, Mingwei Sun, Peng Wang, Shen Fan, Yanhu Mo, Xiaoxiao Xu, Hong Liu, Cheng Yang, Chuan Shi


<a href='https://scholar.google.com/citations?view_op=view_citation&hl=zh-CN&user=OlLjVUcAAAAJ&citation_for_view=OlLjVUcAAAAJ:sSrBHYA8nusC'><img src=""https://img.shields.io/endpoint?url=https%3A%2F%2Fraw.githubusercontent.com%2Falbertyang33%2Falbertyang33.github.io%2Fgoogle-scholar-stats%2Fselected_pubs%2FsSrBHYA8nusC.json&logo=Google%20Scholar&labelColor=f6f6f6&color=9cf&style=flat&label=citations""></a>.",2024
4,Internet of agents: Weaving a web of heterogeneous agents for collaborative intelligence,"- <span class=""conference-badge"">Conference Name</span>[Internet of agents: Weaving a web of heterogeneous agents for collaborative intelligence](https://arxiv.org/abs/2407.07061v2)
Weize Chen, Ziming You, Ran Li, Yitong Guan, Chen Qian, Chenyang Zhao, Cheng Yang, Ruobing Xie, Zhiyuan Liu, Maosong Sun


<a href='https://scholar.google.com/citations?view_op=view_citation&hl=zh-CN&user=OlLjVUcAAAAJ&citation_for_view=OlLjVUcAAAAJ:wbdj-CoPYUoC'><img src=""https://img.shields.io/endpoint?url=https%3A%2F%2Fraw.githubusercontent.com%2Falbertyang33%2Falbertyang33.github.io%2Fgoogle-scholar-stats%2Fselected_pubs%2Fwbdj-CoPYUoC.json&logo=Google%20Scholar&labelColor=f6f6f6&color=9cf&style=flat&label=citations""></a>.",2024
5,Data-centric graph learning: A survey,"- <span class=""conference-badge"">Conference Name</span>[Data-centric graph learning: A survey](https://arxiv.org/abs/2310.04987v3)
Yuxin Guo, Deyu Bo, Cheng Yang, Zhiyuan Lu, Zhongjian Zhang, Jixi Liu, Yufei Peng, Chuan Shi


<a href='https://scholar.google.com/citations?view_op=view_citation&hl=zh-CN&user=OlLjVUcAAAAJ&citation_for_view=OlLjVUcAAAAJ:AXPGKjj_ei8C'><img src=""https://img.shields.io/endpoint?url=https%3A%2F%2Fraw.githubusercontent.com%2Falbertyang33%2Falbertyang33.github.io%2Fgoogle-scholar-stats%2Fselected_pubs%2FAXPGKjj_ei8C.json&logo=Google%20Scholar&labelColor=f6f6f6&color=9cf&style=flat&label=citations""></a>.",2024
6,Graph invariant learning with subgraph co-mixup for out-of-distribution generalization,"- <span class=""conference-badge"">Conference Name</span>[Graph invariant learning with subgraph co-mixup for out-of-distribution generalization](https://arxiv.org/abs/2312.10988v1)
Tianrui Jia, Haoyang Li, Cheng Yang, Tao Tao, Chuan Shi


<a href='https://scholar.google.com/citations?view_op=view_citation&hl=zh-CN&user=OlLjVUcAAAAJ&citation_for_view=OlLjVUcAAAAJ:B3FOqHPlNUQC'><img src=""https://img.shields.io/endpoint?url=https%3A%2F%2Fraw.githubusercontent.com%2Falbertyang33%2Falbertyang33.github.io%2Fgoogle-scholar-stats%2Fselected_pubs%2FB3FOqHPlNUQC.json&logo=Google%20Scholar&labelColor=f6f6f6&color=9cf&style=flat&label=citations""></a>.",2024
7,ChatMol: interactive molecular discovery with natural language,"- <span class=""conference-badge"">Conference Name</span>[ChatMol: interactive molecular discovery with natural language](Not Found)
Not Found


<a href='https://scholar.google.com/citations?view_op=view_citation&hl=zh-CN&user=OlLjVUcAAAAJ&citation_for_view=OlLjVUcAAAAJ:XiVPGOgt02cC'><img src=""https://img.shields.io/endpoint?url=https%3A%2F%2Fraw.githubusercontent.com%2Falbertyang33%2Falbertyang33.github.io%2Fgoogle-scholar-stats%2Fselected_pubs%2FXiVPGOgt02cC.json&logo=Google%20Scholar&labelColor=f6f6f6&color=9cf&style=flat&label=citations""></a>.",2024
8,Multi-Agent Software Development through Cross-Team Collaboration,"- <span class=""conference-badge"">Conference Name</span>[Multi-Agent Software Development through Cross-Team Collaboration](https://arxiv.org/abs/2406.08979v1)
Zhuoyun Du, Chen Qian, Wei Liu, Zihao Xie, Yifei Wang, Yufan Dang, Weize Chen, Cheng Yang


<a href='https://scholar.google.com/citations?view_op=view_citation&hl=zh-CN&user=OlLjVUcAAAAJ&citation_for_view=OlLjVUcAAAAJ:1qzjygNMrQYC'><img src=""https://img.shields.io/endpoint?url=https%3A%2F%2Fraw.githubusercontent.com%2Falbertyang33%2Falbertyang33.github.io%2Fgoogle-scholar-stats%2Fselected_pubs%2F1qzjygNMrQYC.json&logo=Google%20Scholar&labelColor=f6f6f6&color=9cf&style=flat&label=citations""></a>.",2024
9,FairSIN: Achieving Fairness in Graph Neural Networks through Sensitive Information Neutralization,"- <span class=""conference-badge"">Conference Name</span>[FairSIN: Achieving Fairness in Graph Neural Networks through Sensitive Information Neutralization](https://arxiv.org/abs/2403.12474v1)
Cheng Yang, Jixi Liu, Yunhe Yan, Chuan Shi


<a href='https://scholar.google.com/citations?view_op=view_citation&hl=zh-CN&user=OlLjVUcAAAAJ&citation_for_view=OlLjVUcAAAAJ:fQNAKQ3IYiAC'><img src=""https://img.shields.io/endpoint?url=https%3A%2F%2Fraw.githubusercontent.com%2Falbertyang33%2Falbertyang33.github.io%2Fgoogle-scholar-stats%2Fselected_pubs%2FfQNAKQ3IYiAC.json&logo=Google%20Scholar&labelColor=f6f6f6&color=9cf&style=flat&label=citations""></a>.",2024
10,Iterative Experience Refinement of Software-Developing Agents,"- <span class=""conference-badge"">Conference Name</span>[Iterative Experience Refinement of Software-Developing Agents](https://arxiv.org/abs/2405.04219v1)
Chen Qian, Jiahao Li, Yufan Dang, Wei Liu, YiFei Wang, Zihao Xie, Weize Chen, Cheng Yang, Yingli Zhang, Zhiyuan Liu, Maosong Sun


<a href='https://scholar.google.com/citations?view_op=view_citation&hl=zh-CN&user=OlLjVUcAAAAJ&citation_for_view=OlLjVUcAAAAJ:eflP2zaiRacC'><img src=""https://img.shields.io/endpoint?url=https%3A%2F%2Fraw.githubusercontent.com%2Falbertyang33%2Falbertyang33.github.io%2Fgoogle-scholar-stats%2Fselected_pubs%2FeflP2zaiRacC.json&logo=Google%20Scholar&labelColor=f6f6f6&color=9cf&style=flat&label=citations""></a>.",2024
11,Beyond Natural Language: LLMs Leveraging Alternative Formats for Enhanced Reasoning and Communication,"- <span class=""conference-badge"">Conference Name</span>[Beyond Natural Language: LLMs Leveraging Alternative Formats for Enhanced Reasoning and Communication](https://arxiv.org/abs/2402.18439v3)
Weize Chen, Chenfei Yuan, Jiarui Yuan, Yusheng Su, Chen Qian, Cheng Yang, Ruobing Xie, Zhiyuan Liu, Maosong Sun


<a href='https://scholar.google.com/citations?view_op=view_citation&hl=zh-CN&user=OlLjVUcAAAAJ&citation_for_view=OlLjVUcAAAAJ:D_sINldO8mEC'><img src=""https://img.shields.io/endpoint?url=https%3A%2F%2Fraw.githubusercontent.com%2Falbertyang33%2Falbertyang33.github.io%2Fgoogle-scholar-stats%2Fselected_pubs%2FD_sINldO8mEC.json&logo=Google%20Scholar&labelColor=f6f6f6&color=9cf&style=flat&label=citations""></a>.",2024
12,Injecting multimodal information into rigid protein docking via bi-level optimization,"- <span class=""conference-badge"">Conference Name</span>[Injecting multimodal information into rigid protein docking via bi-level optimization](Not Found)
Not Found


<a href='https://scholar.google.com/citations?view_op=view_citation&hl=zh-CN&user=OlLjVUcAAAAJ&citation_for_view=OlLjVUcAAAAJ:tS2w5q8j5-wC'><img src=""https://img.shields.io/endpoint?url=https%3A%2F%2Fraw.githubusercontent.com%2Falbertyang33%2Falbertyang33.github.io%2Fgoogle-scholar-stats%2Fselected_pubs%2FtS2w5q8j5-wC.json&logo=Google%20Scholar&labelColor=f6f6f6&color=9cf&style=flat&label=citations""></a>.",2024
13,Autonomous agents for collaborative task under information asymmetry,"- <span class=""conference-badge"">Conference Name</span>[Autonomous agents for collaborative task under information asymmetry](https://arxiv.org/abs/2406.14928v2)
Wei Liu, Chenxi Wang, Yifei Wang, Zihao Xie, Rennai Qiu, Yufan Dang, Zhuoyun Du, Weize Chen, Cheng Yang, Chen Qian


<a href='https://scholar.google.com/citations?view_op=view_citation&hl=zh-CN&user=OlLjVUcAAAAJ&citation_for_view=OlLjVUcAAAAJ:J-pR_7NvFogC'><img src=""https://img.shields.io/endpoint?url=https%3A%2F%2Fraw.githubusercontent.com%2Falbertyang33%2Falbertyang33.github.io%2Fgoogle-scholar-stats%2Fselected_pubs%2FJ-pR_7NvFogC.json&logo=Google%20Scholar&labelColor=f6f6f6&color=9cf&style=flat&label=citations""></a>.",2024
14,Scaling Large-Language-Model-based Multi-Agent Collaboration,"- <span class=""conference-badge"">Conference Name</span>[Scaling Large-Language-Model-based Multi-Agent Collaboration](https://arxiv.org/abs/2406.07155v1)
Chen Qian, Zihao Xie, Yifei Wang, Wei Liu, Yufan Dang, Zhuoyun Du, Weize Chen, Cheng Yang, Zhiyuan Liu, Maosong Sun


<a href='https://scholar.google.com/citations?view_op=view_citation&hl=zh-CN&user=OlLjVUcAAAAJ&citation_for_view=OlLjVUcAAAAJ:V3AGJWp-ZtQC'><img src=""https://img.shields.io/endpoint?url=https%3A%2F%2Fraw.githubusercontent.com%2Falbertyang33%2Falbertyang33.github.io%2Fgoogle-scholar-stats%2Fselected_pubs%2FV3AGJWp-ZtQC.json&logo=Google%20Scholar&labelColor=f6f6f6&color=9cf&style=flat&label=citations""></a>.",2024
15,BurstAttention: An Efficient Distributed Attention Framework for Extremely Long Sequences,"- <span class=""conference-badge"">Conference Name</span>[BurstAttention: An Efficient Distributed Attention Framework for Extremely Long Sequences](https://arxiv.org/abs/2403.09347v4)
Ao Sun, Weilin Zhao, Xu Han, Cheng Yang, Zhiyuan Liu, Chuan Shi, Maosong Sun


<a href='https://scholar.google.com/citations?view_op=view_citation&hl=zh-CN&user=OlLjVUcAAAAJ&citation_for_view=OlLjVUcAAAAJ:VOx2b1Wkg3QC'><img src=""https://img.shields.io/endpoint?url=https%3A%2F%2Fraw.githubusercontent.com%2Falbertyang33%2Falbertyang33.github.io%2Fgoogle-scholar-stats%2Fselected_pubs%2FVOx2b1Wkg3QC.json&logo=Google%20Scholar&labelColor=f6f6f6&color=9cf&style=flat&label=citations""></a>.",2024
16,Endowing Pre-trained Graph Models with Provable Fairness,"- <span class=""conference-badge"">Conference Name</span>[Endowing Pre-trained Graph Models with Provable Fairness](https://arxiv.org/abs/2402.12161v2)
Zhongjian Zhang, Mengmei Zhang, Yue Yu, Cheng Yang, Jiawei Liu, Chuan Shi


<a href='https://scholar.google.com/citations?view_op=view_citation&hl=zh-CN&user=OlLjVUcAAAAJ&citation_for_view=OlLjVUcAAAAJ:5Ul4iDaHHb8C'><img src=""https://img.shields.io/endpoint?url=https%3A%2F%2Fraw.githubusercontent.com%2Falbertyang33%2Falbertyang33.github.io%2Fgoogle-scholar-stats%2Fselected_pubs%2F5Ul4iDaHHb8C.json&logo=Google%20Scholar&labelColor=f6f6f6&color=9cf&style=flat&label=citations""></a>.",2024
17,Optima: Optimizing effectiveness and efficiency for llm-based multi-agent system,"- <span class=""conference-badge"">Conference Name</span>[Optima: Optimizing effectiveness and efficiency for llm-based multi-agent system](https://arxiv.org/abs/2410.08115v1)
Weize Chen, Jiarui Yuan, Chen Qian, Cheng Yang, Zhiyuan Liu, Maosong Sun


<a href='https://scholar.google.com/citations?view_op=view_citation&hl=zh-CN&user=OlLjVUcAAAAJ&citation_for_view=OlLjVUcAAAAJ:eMMeJKvmdy0C'><img src=""https://img.shields.io/endpoint?url=https%3A%2F%2Fraw.githubusercontent.com%2Falbertyang33%2Falbertyang33.github.io%2Fgoogle-scholar-stats%2Fselected_pubs%2FeMMeJKvmdy0C.json&logo=Google%20Scholar&labelColor=f6f6f6&color=9cf&style=flat&label=citations""></a>.",2024
18,"Can Large Language Models Analyze Graphs like Professionals? A Benchmark, Datasets and Models","- <span class=""conference-badge"">Conference Name</span>[Can Large Language Models Analyze Graphs like Professionals? A Benchmark, Datasets and Models](https://arxiv.org/abs/2409.19667v2)
Xin Li, Weize Chen, Qizhi Chu, Haopeng Li, Zhaojun Sun, Ran Li, Chen Qian, Yiwei Wei, Zhiyuan Liu, Chuan Shi, Maosong Sun, Cheng Yang


<a href='https://scholar.google.com/citations?view_op=view_citation&hl=zh-CN&user=OlLjVUcAAAAJ&citation_for_view=OlLjVUcAAAAJ:t6usbXjVLHcC'><img src=""https://img.shields.io/endpoint?url=https%3A%2F%2Fraw.githubusercontent.com%2Falbertyang33%2Falbertyang33.github.io%2Fgoogle-scholar-stats%2Fselected_pubs%2Ft6usbXjVLHcC.json&logo=Google%20Scholar&labelColor=f6f6f6&color=9cf&style=flat&label=citations""></a>.",2024
19,Graphteam: Facilitating large language model-based graph analysis via multi-agent collaboration,"- <span class=""conference-badge"">Conference Name</span>[Graphteam: Facilitating large language model-based graph analysis via multi-agent collaboration](https://arxiv.org/abs/2410.18032v3)
Xin Li, Qizhi Chu, Yubin Chen, Yang Liu, Yaoqi Liu, Zekai Yu, Weize Chen, Chen Qian, Chuan Shi, Cheng Yang


<a href='https://scholar.google.com/citations?view_op=view_citation&hl=zh-CN&user=OlLjVUcAAAAJ&citation_for_view=OlLjVUcAAAAJ:Mojj43d5GZwC'><img src=""https://img.shields.io/endpoint?url=https%3A%2F%2Fraw.githubusercontent.com%2Falbertyang33%2Falbertyang33.github.io%2Fgoogle-scholar-stats%2Fselected_pubs%2FMojj43d5GZwC.json&logo=Google%20Scholar&labelColor=f6f6f6&color=9cf&style=flat&label=citations""></a>.",2024
20,Can Large Language Models Improve the Adversarial Robustness of Graph Neural Networks?,"- <span class=""conference-badge"">Conference Name</span>[Can Large Language Models Improve the Adversarial Robustness of Graph Neural Networks?](https://arxiv.org/abs/2408.08685v3)
Zhongjian Zhang, Xiao Wang, Huichi Zhou, Yue Yu, Mengmei Zhang, Cheng Yang, Chuan Shi


<a href='https://scholar.google.com/citations?view_op=view_citation&hl=zh-CN&user=OlLjVUcAAAAJ&citation_for_view=OlLjVUcAAAAJ:5ugPr518TE4C'><img src=""https://img.shields.io/endpoint?url=https%3A%2F%2Fraw.githubusercontent.com%2Falbertyang33%2Falbertyang33.github.io%2Fgoogle-scholar-stats%2Fselected_pubs%2F5ugPr518TE4C.json&logo=Google%20Scholar&labelColor=f6f6f6&color=9cf&style=flat&label=citations""></a>.",2024
21,Seq1f1b: Efficient sequence-level pipeline parallelism for large language model training,"- <span class=""conference-badge"">Conference Name</span>[Seq1f1b: Efficient sequence-level pipeline parallelism for large language model training](https://arxiv.org/abs/2406.03488v5)
Ao Sun, Weilin Zhao, Xu Han, Cheng Yang, Xinrong Zhang, Zhiyuan Liu, Chuan Shi, Maosong Sun


<a href='https://scholar.google.com/citations?view_op=view_citation&hl=zh-CN&user=OlLjVUcAAAAJ&citation_for_view=OlLjVUcAAAAJ:kRWSkSYxWN8C'><img src=""https://img.shields.io/endpoint?url=https%3A%2F%2Fraw.githubusercontent.com%2Falbertyang33%2Falbertyang33.github.io%2Fgoogle-scholar-stats%2Fselected_pubs%2FkRWSkSYxWN8C.json&logo=Google%20Scholar&labelColor=f6f6f6&color=9cf&style=flat&label=citations""></a>.",2024
22,Group-to-group recommendation with neural graph matching,"- <span class=""conference-badge"">Conference Name</span>[Group-to-group recommendation with neural graph matching](Not Found)
Not Found


<a href='https://scholar.google.com/citations?view_op=view_citation&hl=zh-CN&user=OlLjVUcAAAAJ&citation_for_view=OlLjVUcAAAAJ:WbkHhVStYXYC'><img src=""https://img.shields.io/endpoint?url=https%3A%2F%2Fraw.githubusercontent.com%2Falbertyang33%2Falbertyang33.github.io%2Fgoogle-scholar-stats%2Fselected_pubs%2FWbkHhVStYXYC.json&logo=Google%20Scholar&labelColor=f6f6f6&color=9cf&style=flat&label=citations""></a>.",2024
23,Heterogeneous graph transformer with poly-tokenization,"- <span class=""conference-badge"">Conference Name</span>[Heterogeneous graph transformer with poly-tokenization](Not Found)
Not Found


<a href='https://scholar.google.com/citations?view_op=view_citation&hl=zh-CN&user=OlLjVUcAAAAJ&citation_for_view=OlLjVUcAAAAJ:mvPsJ3kp5DgC'><img src=""https://img.shields.io/endpoint?url=https%3A%2F%2Fraw.githubusercontent.com%2Falbertyang33%2Falbertyang33.github.io%2Fgoogle-scholar-stats%2Fselected_pubs%2FmvPsJ3kp5DgC.json&logo=Google%20Scholar&labelColor=f6f6f6&color=9cf&style=flat&label=citations""></a>.",2024
24,Efficient Multi-task Prompt Tuning for Recommendation,"- <span class=""conference-badge"">Conference Name</span>[Efficient Multi-task Prompt Tuning for Recommendation](https://arxiv.org/abs/2408.17214v1)
Ting Bai, Le Huang, Yue Yu, Cheng Yang, Cheng Hou, Zhe Zhao, Chuan Shi


<a href='https://scholar.google.com/citations?view_op=view_citation&hl=zh-CN&user=OlLjVUcAAAAJ&citation_for_view=OlLjVUcAAAAJ:bnK-pcrLprsC'><img src=""https://img.shields.io/endpoint?url=https%3A%2F%2Fraw.githubusercontent.com%2Falbertyang33%2Falbertyang33.github.io%2Fgoogle-scholar-stats%2Fselected_pubs%2FbnK-pcrLprsC.json&logo=Google%20Scholar&labelColor=f6f6f6&color=9cf&style=flat&label=citations""></a>.",2024
25,Advancing Molecule Invariant Representation via Privileged Substructure Identification,"- <span class=""conference-badge"">Conference Name</span>[Advancing Molecule Invariant Representation via Privileged Substructure Identification](Not Found)
Not Found


<a href='https://scholar.google.com/citations?view_op=view_citation&hl=zh-CN&user=OlLjVUcAAAAJ&citation_for_view=OlLjVUcAAAAJ:olpn-zPbct0C'><img src=""https://img.shields.io/endpoint?url=https%3A%2F%2Fraw.githubusercontent.com%2Falbertyang33%2Falbertyang33.github.io%2Fgoogle-scholar-stats%2Fselected_pubs%2Folpn-zPbct0C.json&logo=Google%20Scholar&labelColor=f6f6f6&color=9cf&style=flat&label=citations""></a>.",2024
26,Adaptively Denoising Graph Neural Networks for Knowledge Distillation,"- <span class=""conference-badge"">Conference Name</span>[Adaptively Denoising Graph Neural Networks for Knowledge Distillation](Not Found)
Not Found


<a href='https://scholar.google.com/citations?view_op=view_citation&hl=zh-CN&user=OlLjVUcAAAAJ&citation_for_view=OlLjVUcAAAAJ:HE397vMXCloC'><img src=""https://img.shields.io/endpoint?url=https%3A%2F%2Fraw.githubusercontent.com%2Falbertyang33%2Falbertyang33.github.io%2Fgoogle-scholar-stats%2Fselected_pubs%2FHE397vMXCloC.json&logo=Google%20Scholar&labelColor=f6f6f6&color=9cf&style=flat&label=citations""></a>.",2024
27,Lecture-style Tutorial: Towards Graph Foundation Models,"- <span class=""conference-badge"">Conference Name</span>[Lecture-style Tutorial: Towards Graph Foundation Models](Not Found)
Not Found


<a href='https://scholar.google.com/citations?view_op=view_citation&hl=zh-CN&user=OlLjVUcAAAAJ&citation_for_view=OlLjVUcAAAAJ:q3oQSFYPqjQC'><img src=""https://img.shields.io/endpoint?url=https%3A%2F%2Fraw.githubusercontent.com%2Falbertyang33%2Falbertyang33.github.io%2Fgoogle-scholar-stats%2Fselected_pubs%2Fq3oQSFYPqjQC.json&logo=Google%20Scholar&labelColor=f6f6f6&color=9cf&style=flat&label=citations""></a>.",2024
28,Calibrating Graph Neural Networks from a Data-centric Perspective,"- <span class=""conference-badge"">Conference Name</span>[Calibrating Graph Neural Networks from a Data-centric Perspective](Not Found)
Not Found


<a href='https://scholar.google.com/citations?view_op=view_citation&hl=zh-CN&user=OlLjVUcAAAAJ&citation_for_view=OlLjVUcAAAAJ:LPZeul_q3PIC'><img src=""https://img.shields.io/endpoint?url=https%3A%2F%2Fraw.githubusercontent.com%2Falbertyang33%2Falbertyang33.github.io%2Fgoogle-scholar-stats%2Fselected_pubs%2FLPZeul_q3PIC.json&logo=Google%20Scholar&labelColor=f6f6f6&color=9cf&style=flat&label=citations""></a>.",2024
29,Adaptive negative representations for graph contrastive learning,"- <span class=""conference-badge"">Conference Name</span>[Adaptive negative representations for graph contrastive learning](Not Found)
Not Found


<a href='https://scholar.google.com/citations?view_op=view_citation&hl=zh-CN&user=OlLjVUcAAAAJ&citation_for_view=OlLjVUcAAAAJ:4fKUyHm3Qg0C'><img src=""https://img.shields.io/endpoint?url=https%3A%2F%2Fraw.githubusercontent.com%2Falbertyang33%2Falbertyang33.github.io%2Fgoogle-scholar-stats%2Fselected_pubs%2F4fKUyHm3Qg0C.json&logo=Google%20Scholar&labelColor=f6f6f6&color=9cf&style=flat&label=citations""></a>.",2024
30,Agentverse: Facilitating multi-agent collaboration and exploring emergent behaviors,"- <span class=""conference-badge"">Conference Name</span>[Agentverse: Facilitating multi-agent collaboration and exploring emergent behaviors](https://arxiv.org/abs/2308.10848v3)
Weize Chen, Yusheng Su, Jingwei Zuo, Cheng Yang, Chenfei Yuan, Chi-Min Chan, Heyang Yu, Yaxi Lu, Yi-Hsin Hung, Chen Qian, Yujia Qin, Xin Cong, Ruobing Xie, Zhiyuan Liu, Maosong Sun, Jie Zhou


<a href='https://scholar.google.com/citations?view_op=view_citation&hl=zh-CN&user=OlLjVUcAAAAJ&citation_for_view=OlLjVUcAAAAJ:8AbLer7MMksC'><img src=""https://img.shields.io/endpoint?url=https%3A%2F%2Fraw.githubusercontent.com%2Falbertyang33%2Falbertyang33.github.io%2Fgoogle-scholar-stats%2Fselected_pubs%2F8AbLer7MMksC.json&logo=Google%20Scholar&labelColor=f6f6f6&color=9cf&style=flat&label=citations""></a>.",2023
31,Towards graph foundation models: A survey and beyond,"- <span class=""conference-badge"">Conference Name</span>[Towards graph foundation models: A survey and beyond](https://arxiv.org/abs/2310.11829v3)
Jiawei Liu, Cheng Yang, Zhiyuan Lu, Junze Chen, Yibo Li, Mengmei Zhang, Ting Bai, Yuan Fang, Lichao Sun, Philip S. Yu, Chuan Shi


<a href='https://scholar.google.com/citations?view_op=view_citation&hl=zh-CN&user=OlLjVUcAAAAJ&citation_for_view=OlLjVUcAAAAJ:vRqMK49ujn8C'><img src=""https://img.shields.io/endpoint?url=https%3A%2F%2Fraw.githubusercontent.com%2Falbertyang33%2Falbertyang33.github.io%2Fgoogle-scholar-stats%2Fselected_pubs%2FvRqMK49ujn8C.json&logo=Google%20Scholar&labelColor=f6f6f6&color=9cf&style=flat&label=citations""></a>.",2023
32,Ma-gcl: Model augmentation tricks for graph contrastive learning,"- <span class=""conference-badge"">Conference Name</span>[Ma-gcl: Model augmentation tricks for graph contrastive learning](Not Found)
Not Found


<a href='https://scholar.google.com/citations?view_op=view_citation&hl=zh-CN&user=OlLjVUcAAAAJ&citation_for_view=OlLjVUcAAAAJ:g5m5HwL7SMYC'><img src=""https://img.shields.io/endpoint?url=https%3A%2F%2Fraw.githubusercontent.com%2Falbertyang33%2Falbertyang33.github.io%2Fgoogle-scholar-stats%2Fselected_pubs%2Fg5m5HwL7SMYC.json&logo=Google%20Scholar&labelColor=f6f6f6&color=9cf&style=flat&label=citations""></a>.",2023
33,Knowledge-adaptive contrastive learning for recommendation,"- <span class=""conference-badge"">Conference Name</span>[Knowledge-adaptive contrastive learning for recommendation](Not Found)
Not Found


<a href='https://scholar.google.com/citations?view_op=view_citation&hl=zh-CN&user=OlLjVUcAAAAJ&citation_for_view=OlLjVUcAAAAJ:fPk4N6BV_jEC'><img src=""https://img.shields.io/endpoint?url=https%3A%2F%2Fraw.githubusercontent.com%2Falbertyang33%2Falbertyang33.github.io%2Fgoogle-scholar-stats%2Fselected_pubs%2FfPk4N6BV_jEC.json&logo=Google%20Scholar&labelColor=f6f6f6&color=9cf&style=flat&label=citations""></a>.",2023
34,Experiential co-learning of software-developing agents,"- <span class=""conference-badge"">Conference Name</span>[Experiential co-learning of software-developing agents](https://arxiv.org/abs/2312.17025v3)
Chen Qian, Yufan Dang, Jiahao Li, Wei Liu, Zihao Xie, Yifei Wang, Weize Chen, Cheng Yang, Xin Cong, Xiaoyin Che, Zhiyuan Liu, Maosong Sun


<a href='https://scholar.google.com/citations?view_op=view_citation&hl=zh-CN&user=OlLjVUcAAAAJ&citation_for_view=OlLjVUcAAAAJ:eJXPG6dFmWUC'><img src=""https://img.shields.io/endpoint?url=https%3A%2F%2Fraw.githubusercontent.com%2Falbertyang33%2Falbertyang33.github.io%2Fgoogle-scholar-stats%2Fselected_pubs%2FeJXPG6dFmWUC.json&logo=Google%20Scholar&labelColor=f6f6f6&color=9cf&style=flat&label=citations""></a>.",2023
35,A Data-centric Framework to Endow Graph Neural Networks with Out-Of-Distribution Detection Ability,"- <span class=""conference-badge"">Conference Name</span>[A Data-centric Framework to Endow Graph Neural Networks with Out-Of-Distribution Detection Ability](Not Found)
Not Found


<a href='https://scholar.google.com/citations?view_op=view_citation&hl=zh-CN&user=OlLjVUcAAAAJ&citation_for_view=OlLjVUcAAAAJ:_xSYboBqXhAC'><img src=""https://img.shields.io/endpoint?url=https%3A%2F%2Fraw.githubusercontent.com%2Falbertyang33%2Falbertyang33.github.io%2Fgoogle-scholar-stats%2Fselected_pubs%2F_xSYboBqXhAC.json&logo=Google%20Scholar&labelColor=f6f6f6&color=9cf&style=flat&label=citations""></a>.",2023
36,Distance Information Improves Heterogeneous Graph Neural Networks,"- <span class=""conference-badge"">Conference Name</span>[Distance Information Improves Heterogeneous Graph Neural Networks](Not Found)
Not Found


<a href='https://scholar.google.com/citations?view_op=view_citation&hl=zh-CN&user=OlLjVUcAAAAJ&citation_for_view=OlLjVUcAAAAJ:738O_yMBCRsC'><img src=""https://img.shields.io/endpoint?url=https%3A%2F%2Fraw.githubusercontent.com%2Falbertyang33%2Falbertyang33.github.io%2Fgoogle-scholar-stats%2Fselected_pubs%2F738O_yMBCRsC.json&logo=Google%20Scholar&labelColor=f6f6f6&color=9cf&style=flat&label=citations""></a>.",2023
37,Learning to distill graph neural networks,"- <span class=""conference-badge"">Conference Name</span>[Learning to distill graph neural networks](Not Found)
Not Found


<a href='https://scholar.google.com/citations?view_op=view_citation&hl=zh-CN&user=OlLjVUcAAAAJ&citation_for_view=OlLjVUcAAAAJ:u_35RYKgDlwC'><img src=""https://img.shields.io/endpoint?url=https%3A%2F%2Fraw.githubusercontent.com%2Falbertyang33%2Falbertyang33.github.io%2Fgoogle-scholar-stats%2Fselected_pubs%2Fu_35RYKgDlwC.json&logo=Google%20Scholar&labelColor=f6f6f6&color=9cf&style=flat&label=citations""></a>.",2023
38,Graph mining for cybersecurity: A survey,"- <span class=""conference-badge"">Conference Name</span>[Graph mining for cybersecurity: A survey](https://arxiv.org/abs/2304.00485v2)
Bo Yan, Cheng Yang, Chuan Shi, Yong Fang, Qi Li, Yanfang Ye, Junping Du


<a href='https://scholar.google.com/citations?view_op=view_citation&hl=zh-CN&user=OlLjVUcAAAAJ&citation_for_view=OlLjVUcAAAAJ:D03iK_w7-QYC'><img src=""https://img.shields.io/endpoint?url=https%3A%2F%2Fraw.githubusercontent.com%2Falbertyang33%2Falbertyang33.github.io%2Fgoogle-scholar-stats%2Fselected_pubs%2FD03iK_w7-QYC.json&logo=Google%20Scholar&labelColor=f6f6f6&color=9cf&style=flat&label=citations""></a>.",2023
39,A Post-Training Framework for Improving Heterogeneous Graph Neural Networks,"- <span class=""conference-badge"">Conference Name</span>[A Post-Training Framework for Improving Heterogeneous Graph Neural Networks](https://arxiv.org/abs/2304.00698v1)
Cheng Yang, Xumeng Gong, Chuan Shi, Philip S. Yu


<a href='https://scholar.google.com/citations?view_op=view_citation&hl=zh-CN&user=OlLjVUcAAAAJ&citation_for_view=OlLjVUcAAAAJ:bFI3QPDXJZMC'><img src=""https://img.shields.io/endpoint?url=https%3A%2F%2Fraw.githubusercontent.com%2Falbertyang33%2Falbertyang33.github.io%2Fgoogle-scholar-stats%2Fselected_pubs%2FbFI3QPDXJZMC.json&logo=Google%20Scholar&labelColor=f6f6f6&color=9cf&style=flat&label=citations""></a>.",2023
40,Datasets and Interfaces for Benchmarking Heterogeneous Graph Neural Networks,"- <span class=""conference-badge"">Conference Name</span>[Datasets and Interfaces for Benchmarking Heterogeneous Graph Neural Networks](Not Found)
Not Found


<a href='https://scholar.google.com/citations?view_op=view_citation&hl=zh-CN&user=OlLjVUcAAAAJ&citation_for_view=OlLjVUcAAAAJ:tOudhMTPpwUC'><img src=""https://img.shields.io/endpoint?url=https%3A%2F%2Fraw.githubusercontent.com%2Falbertyang33%2Falbertyang33.github.io%2Fgoogle-scholar-stats%2Fselected_pubs%2FtOudhMTPpwUC.json&logo=Google%20Scholar&labelColor=f6f6f6&color=9cf&style=flat&label=citations""></a>.",2023
41,Memory-enhanced period-aware graph neural network for general POI recommendation,"- <span class=""conference-badge"">Conference Name</span>[Memory-enhanced period-aware graph neural network for general POI recommendation](Not Found)
Not Found


<a href='https://scholar.google.com/citations?view_op=view_citation&hl=zh-CN&user=OlLjVUcAAAAJ&citation_for_view=OlLjVUcAAAAJ:4OULZ7Gr8RgC'><img src=""https://img.shields.io/endpoint?url=https%3A%2F%2Fraw.githubusercontent.com%2Falbertyang33%2Falbertyang33.github.io%2Fgoogle-scholar-stats%2Fselected_pubs%2F4OULZ7Gr8RgC.json&logo=Google%20Scholar&labelColor=f6f6f6&color=9cf&style=flat&label=citations""></a>.",2023
42,Advances in Graph Neural Networks,"- <span class=""conference-badge"">Conference Name</span>[Advances in Graph Neural Networks](Not Found)
Not Found


<a href='https://scholar.google.com/citations?view_op=view_citation&hl=zh-CN&user=OlLjVUcAAAAJ&citation_for_view=OlLjVUcAAAAJ:zA6iFVUQeVQC'><img src=""https://img.shields.io/endpoint?url=https%3A%2F%2Fraw.githubusercontent.com%2Falbertyang33%2Falbertyang33.github.io%2Fgoogle-scholar-stats%2Fselected_pubs%2FzA6iFVUQeVQC.json&logo=Google%20Scholar&labelColor=f6f6f6&color=9cf&style=flat&label=citations""></a>.",2023
43,Gammagl: A multi-backend library for graph neural networks,"- <span class=""conference-badge"">Conference Name</span>[Gammagl: A multi-backend library for graph neural networks](Not Found)
Not Found


<a href='https://scholar.google.com/citations?view_op=view_citation&hl=zh-CN&user=OlLjVUcAAAAJ&citation_for_view=OlLjVUcAAAAJ:f2IySw72cVMC'><img src=""https://img.shields.io/endpoint?url=https%3A%2F%2Fraw.githubusercontent.com%2Falbertyang33%2Falbertyang33.github.io%2Fgoogle-scholar-stats%2Fselected_pubs%2Ff2IySw72cVMC.json&logo=Google%20Scholar&labelColor=f6f6f6&color=9cf&style=flat&label=citations""></a>.",2023
44,Abnormal event detection via hypergraph contrastive learning,"- <span class=""conference-badge"">Conference Name</span>[Abnormal event detection via hypergraph contrastive learning](https://arxiv.org/abs/2304.01226v1)
Bo Yan, Cheng Yang, Chuan Shi, Jiawei Liu, Xiaochen Wang


<a href='https://scholar.google.com/citations?view_op=view_citation&hl=zh-CN&user=OlLjVUcAAAAJ&citation_for_view=OlLjVUcAAAAJ:dfsIfKJdRG4C'><img src=""https://img.shields.io/endpoint?url=https%3A%2F%2Fraw.githubusercontent.com%2Falbertyang33%2Falbertyang33.github.io%2Fgoogle-scholar-stats%2Fselected_pubs%2FdfsIfKJdRG4C.json&logo=Google%20Scholar&labelColor=f6f6f6&color=9cf&style=flat&label=citations""></a>.",2023
45,Graph Representation Learning,"- <span class=""conference-badge"">Conference Name</span>[Graph Representation Learning](Not Found)
Not Found


<a href='https://scholar.google.com/citations?view_op=view_citation&hl=zh-CN&user=OlLjVUcAAAAJ&citation_for_view=OlLjVUcAAAAJ:l7t_Zn2s7bgC'><img src=""https://img.shields.io/endpoint?url=https%3A%2F%2Fraw.githubusercontent.com%2Falbertyang33%2Falbertyang33.github.io%2Fgoogle-scholar-stats%2Fselected_pubs%2Fl7t_Zn2s7bgC.json&logo=Google%20Scholar&labelColor=f6f6f6&color=9cf&style=flat&label=citations""></a>.",2023
46,Few-shot link prediction in dynamic networks,"- <span class=""conference-badge"">Conference Name</span>[Few-shot link prediction in dynamic networks](Not Found)
Not Found


<a href='https://scholar.google.com/citations?view_op=view_citation&hl=zh-CN&user=OlLjVUcAAAAJ&citation_for_view=OlLjVUcAAAAJ:J_g5lzvAfSwC'><img src=""https://img.shields.io/endpoint?url=https%3A%2F%2Fraw.githubusercontent.com%2Falbertyang33%2Falbertyang33.github.io%2Fgoogle-scholar-stats%2Fselected_pubs%2FJ_g5lzvAfSwC.json&logo=Google%20Scholar&labelColor=f6f6f6&color=9cf&style=flat&label=citations""></a>.",2022
47,"A survey on heterogeneous information network based recommender systems: Concepts, methods, applications and resources","- <span class=""conference-badge"">Conference Name</span>[A survey on heterogeneous information network based recommender systems: Concepts, methods, applications and resources](Not Found)
Not Found


<a href='https://scholar.google.com/citations?view_op=view_citation&hl=zh-CN&user=OlLjVUcAAAAJ&citation_for_view=OlLjVUcAAAAJ:lSLTfruPkqcC'><img src=""https://img.shields.io/endpoint?url=https%3A%2F%2Fraw.githubusercontent.com%2Falbertyang33%2Falbertyang33.github.io%2Fgoogle-scholar-stats%2Fselected_pubs%2FlSLTfruPkqcC.json&logo=Google%20Scholar&labelColor=f6f6f6&color=9cf&style=flat&label=citations""></a>.",2022
48,"Space4hgnn: a novel, modularized and reproducible platform to evaluate heterogeneous graph neural network","- <span class=""conference-badge"">Conference Name</span>[Space4hgnn: a novel, modularized and reproducible platform to evaluate heterogeneous graph neural network](https://arxiv.org/abs/2202.09177v2)
Tianyu Zhao, Cheng Yang, Yibo Li, Quan Gan, Zhenyi Wang, Fengqi Liang, Huan Zhao, Yingxia Shao, Xiao Wang, Chuan Shi


<a href='https://scholar.google.com/citations?view_op=view_citation&hl=zh-CN&user=OlLjVUcAAAAJ&citation_for_view=OlLjVUcAAAAJ:RYcK_YlVTxYC'><img src=""https://img.shields.io/endpoint?url=https%3A%2F%2Fraw.githubusercontent.com%2Falbertyang33%2Falbertyang33.github.io%2Fgoogle-scholar-stats%2Fselected_pubs%2FRYcK_YlVTxYC.json&logo=Google%20Scholar&labelColor=f6f6f6&color=9cf&style=flat&label=citations""></a>.",2022
49,Openhgnn: an open source toolkit for heterogeneous graph neural network,"- <span class=""conference-badge"">Conference Name</span>[Openhgnn: an open source toolkit for heterogeneous graph neural network](Not Found)
Not Found


<a href='https://scholar.google.com/citations?view_op=view_citation&hl=zh-CN&user=OlLjVUcAAAAJ&citation_for_view=OlLjVUcAAAAJ:M05iB0D1s5AC'><img src=""https://img.shields.io/endpoint?url=https%3A%2F%2Fraw.githubusercontent.com%2Falbertyang33%2Falbertyang33.github.io%2Fgoogle-scholar-stats%2Fselected_pubs%2FM05iB0D1s5AC.json&logo=Google%20Scholar&labelColor=f6f6f6&color=9cf&style=flat&label=citations""></a>.",2022
50,Co-clustering interactions via attentive hypergraph neural network,"- <span class=""conference-badge"">Conference Name</span>[Co-clustering interactions via attentive hypergraph neural network](Not Found)
Not Found


<a href='https://scholar.google.com/citations?view_op=view_citation&hl=zh-CN&user=OlLjVUcAAAAJ&citation_for_view=OlLjVUcAAAAJ:vV6vV6tmYwMC'><img src=""https://img.shields.io/endpoint?url=https%3A%2F%2Fraw.githubusercontent.com%2Falbertyang33%2Falbertyang33.github.io%2Fgoogle-scholar-stats%2Fselected_pubs%2FvV6vV6tmYwMC.json&logo=Google%20Scholar&labelColor=f6f6f6&color=9cf&style=flat&label=citations""></a>.",2022
51,Midtd: A simple and effective distillation framework for distantly supervised relation extraction,"- <span class=""conference-badge"">Conference Name</span>[Midtd: A simple and effective distillation framework for distantly supervised relation extraction](Not Found)
Not Found


<a href='https://scholar.google.com/citations?view_op=view_citation&hl=zh-CN&user=OlLjVUcAAAAJ&citation_for_view=OlLjVUcAAAAJ:ns9cj8rnVeAC'><img src=""https://img.shields.io/endpoint?url=https%3A%2F%2Fraw.githubusercontent.com%2Falbertyang33%2Falbertyang33.github.io%2Fgoogle-scholar-stats%2Fselected_pubs%2Fns9cj8rnVeAC.json&logo=Google%20Scholar&labelColor=f6f6f6&color=9cf&style=flat&label=citations""></a>.",2022
52,"Network embedding: Theories, methods, and applications","- <span class=""conference-badge"">Conference Name</span>[Network embedding: Theories, methods, and applications](Not Found)
Not Found


<a href='https://scholar.google.com/citations?view_op=view_citation&hl=zh-CN&user=OlLjVUcAAAAJ&citation_for_view=OlLjVUcAAAAJ:_Qo2XoVZTnwC'><img src=""https://img.shields.io/endpoint?url=https%3A%2F%2Fraw.githubusercontent.com%2Falbertyang33%2Falbertyang33.github.io%2Fgoogle-scholar-stats%2Fselected_pubs%2F_Qo2XoVZTnwC.json&logo=Google%20Scholar&labelColor=f6f6f6&color=9cf&style=flat&label=citations""></a>.",2022
53,Payment behavior prediction on shared parking lots with TR-GCN,"- <span class=""conference-badge"">Conference Name</span>[Payment behavior prediction on shared parking lots with TR-GCN](Not Found)
Not Found


<a href='https://scholar.google.com/citations?view_op=view_citation&hl=zh-CN&user=OlLjVUcAAAAJ&citation_for_view=OlLjVUcAAAAJ:2P1L_qKh6hAC'><img src=""https://img.shields.io/endpoint?url=https%3A%2F%2Fraw.githubusercontent.com%2Falbertyang33%2Falbertyang33.github.io%2Fgoogle-scholar-stats%2Fselected_pubs%2F2P1L_qKh6hAC.json&logo=Google%20Scholar&labelColor=f6f6f6&color=9cf&style=flat&label=citations""></a>.",2022
54,A dual-expert framework for event argument extraction,"- <span class=""conference-badge"">Conference Name</span>[A dual-expert framework for event argument extraction](Not Found)
Not Found


<a href='https://scholar.google.com/citations?view_op=view_citation&hl=zh-CN&user=OlLjVUcAAAAJ&citation_for_view=OlLjVUcAAAAJ:ldfaerwXgEUC'><img src=""https://img.shields.io/endpoint?url=https%3A%2F%2Fraw.githubusercontent.com%2Falbertyang33%2Falbertyang33.github.io%2Fgoogle-scholar-stats%2Fselected_pubs%2FldfaerwXgEUC.json&logo=Google%20Scholar&labelColor=f6f6f6&color=9cf&style=flat&label=citations""></a>.",2022
55,Gated Hypergraph Neural Network for Scene-Aware Recommendation,"- <span class=""conference-badge"">Conference Name</span>[Gated Hypergraph Neural Network for Scene-Aware Recommendation](Not Found)
Not Found


<a href='https://scholar.google.com/citations?view_op=view_citation&hl=zh-CN&user=OlLjVUcAAAAJ&citation_for_view=OlLjVUcAAAAJ:70eg2SAEIzsC'><img src=""https://img.shields.io/endpoint?url=https%3A%2F%2Fraw.githubusercontent.com%2Falbertyang33%2Falbertyang33.github.io%2Fgoogle-scholar-stats%2Fselected_pubs%2F70eg2SAEIzsC.json&logo=Google%20Scholar&labelColor=f6f6f6&color=9cf&style=flat&label=citations""></a>.",2022
56,Hypergraph Clustering Network for Interaction Data.,"- <span class=""conference-badge"">Conference Name</span>[Hypergraph Clustering Network for Interaction Data.](Not Found)
Not Found


<a href='https://scholar.google.com/citations?view_op=view_citation&hl=zh-CN&user=OlLjVUcAAAAJ&citation_for_view=OlLjVUcAAAAJ:rO6llkc54NcC'><img src=""https://img.shields.io/endpoint?url=https%3A%2F%2Fraw.githubusercontent.com%2Falbertyang33%2Falbertyang33.github.io%2Fgoogle-scholar-stats%2Fselected_pubs%2FrO6llkc54NcC.json&logo=Google%20Scholar&labelColor=f6f6f6&color=9cf&style=flat&label=citations""></a>.",2022
57,Future Direction and Conclusion,"- <span class=""conference-badge"">Conference Name</span>[Future Direction and Conclusion](Not Found)
Not Found


<a href='https://scholar.google.com/citations?view_op=view_citation&hl=zh-CN&user=OlLjVUcAAAAJ&citation_for_view=OlLjVUcAAAAJ:u9iWguZQMMsC'><img src=""https://img.shields.io/endpoint?url=https%3A%2F%2Fraw.githubusercontent.com%2Falbertyang33%2Falbertyang33.github.io%2Fgoogle-scholar-stats%2Fselected_pubs%2Fu9iWguZQMMsC.json&logo=Google%20Scholar&labelColor=f6f6f6&color=9cf&style=flat&label=citations""></a>.",2022
58,Extract the knowledge of graph neural networks and go beyond it: An effective knowledge distillation framework,"- <span class=""conference-badge"">Conference Name</span>[Extract the knowledge of graph neural networks and go beyond it: An effective knowledge distillation framework](https://arxiv.org/abs/2103.02885v1)
Cheng Yang, Jiawei Liu, Chuan Shi


<a href='https://scholar.google.com/citations?view_op=view_citation&hl=zh-CN&user=OlLjVUcAAAAJ&citation_for_view=OlLjVUcAAAAJ:e5wmG9Sq2KIC'><img src=""https://img.shields.io/endpoint?url=https%3A%2F%2Fraw.githubusercontent.com%2Falbertyang33%2Falbertyang33.github.io%2Fgoogle-scholar-stats%2Fselected_pubs%2Fe5wmG9Sq2KIC.json&logo=Google%20Scholar&labelColor=f6f6f6&color=9cf&style=flat&label=citations""></a>.",2021
59,Full-Scale Information Diffusion Prediction With Reinforced Recurrent Networks,"- <span class=""conference-badge"">Conference Name</span>[Full-Scale Information Diffusion Prediction With Reinforced Recurrent Networks](Not Found)
Not Found


<a href='https://scholar.google.com/citations?view_op=view_citation&hl=zh-CN&user=OlLjVUcAAAAJ&citation_for_view=OlLjVUcAAAAJ:JV2RwH3_ST0C'><img src=""https://img.shields.io/endpoint?url=https%3A%2F%2Fraw.githubusercontent.com%2Falbertyang33%2Falbertyang33.github.io%2Fgoogle-scholar-stats%2Fselected_pubs%2FJV2RwH3_ST0C.json&logo=Google%20Scholar&labelColor=f6f6f6&color=9cf&style=flat&label=citations""></a>.",2021
60,Be confident! towards trustworthy graph neural networks via confidence calibration,"- <span class=""conference-badge"">Conference Name</span>[Be confident! towards trustworthy graph neural networks via confidence calibration](https://arxiv.org/abs/2109.14285v3)
Xiao Wang, Hongrui Liu, Chuan Shi, Cheng Yang


<a href='https://scholar.google.com/citations?view_op=view_citation&hl=zh-CN&user=OlLjVUcAAAAJ&citation_for_view=OlLjVUcAAAAJ:isC4tDSrTZIC'><img src=""https://img.shields.io/endpoint?url=https%3A%2F%2Fraw.githubusercontent.com%2Falbertyang33%2Falbertyang33.github.io%2Fgoogle-scholar-stats%2Fselected_pubs%2FisC4tDSrTZIC.json&logo=Google%20Scholar&labelColor=f6f6f6&color=9cf&style=flat&label=citations""></a>.",2021
61,Topic-aware heterogeneous graph neural network for link prediction,"- <span class=""conference-badge"">Conference Name</span>[Topic-aware heterogeneous graph neural network for link prediction](Not Found)
Not Found


<a href='https://scholar.google.com/citations?view_op=view_citation&hl=zh-CN&user=OlLjVUcAAAAJ&citation_for_view=OlLjVUcAAAAJ:maZDTaKrznsC'><img src=""https://img.shields.io/endpoint?url=https%3A%2F%2Fraw.githubusercontent.com%2Falbertyang33%2Falbertyang33.github.io%2Fgoogle-scholar-stats%2Fselected_pubs%2FmaZDTaKrznsC.json&logo=Google%20Scholar&labelColor=f6f6f6&color=9cf&style=flat&label=citations""></a>.",2021
62,Periodic weather-aware LSTM with event mechanism for parking behavior prediction,"- <span class=""conference-badge"">Conference Name</span>[Periodic weather-aware LSTM with event mechanism for parking behavior prediction](Not Found)
Not Found


<a href='https://scholar.google.com/citations?view_op=view_citation&hl=zh-CN&user=OlLjVUcAAAAJ&citation_for_view=OlLjVUcAAAAJ:RHpTSmoSYBkC'><img src=""https://img.shields.io/endpoint?url=https%3A%2F%2Fraw.githubusercontent.com%2Falbertyang33%2Falbertyang33.github.io%2Fgoogle-scholar-stats%2Fselected_pubs%2FRHpTSmoSYBkC.json&logo=Google%20Scholar&labelColor=f6f6f6&color=9cf&style=flat&label=citations""></a>.",2021
63,From symbols to embeddings: A tale of two representations in computational social science,"- <span class=""conference-badge"">Conference Name</span>[From symbols to embeddings: A tale of two representations in computational social science](https://arxiv.org/abs/2106.14198v1)
Huimin Chen, Cheng Yang, Xuanming Zhang, Zhiyuan Liu, Maosong Sun, Jianbin Jin


<a href='https://scholar.google.com/citations?view_op=view_citation&hl=zh-CN&user=OlLjVUcAAAAJ&citation_for_view=OlLjVUcAAAAJ:r0BpntZqJG4C'><img src=""https://img.shields.io/endpoint?url=https%3A%2F%2Fraw.githubusercontent.com%2Falbertyang33%2Falbertyang33.github.io%2Fgoogle-scholar-stats%2Fselected_pubs%2Fr0BpntZqJG4C.json&logo=Google%20Scholar&labelColor=f6f6f6&color=9cf&style=flat&label=citations""></a>.",2021
64,Text-graph enhanced knowledge graph representation learning,"- <span class=""conference-badge"">Conference Name</span>[Text-graph enhanced knowledge graph representation learning](Not Found)
Not Found


<a href='https://scholar.google.com/citations?view_op=view_citation&hl=zh-CN&user=OlLjVUcAAAAJ&citation_for_view=OlLjVUcAAAAJ:bEWYMUwI8FkC'><img src=""https://img.shields.io/endpoint?url=https%3A%2F%2Fraw.githubusercontent.com%2Falbertyang33%2Falbertyang33.github.io%2Fgoogle-scholar-stats%2Fselected_pubs%2FbEWYMUwI8FkC.json&logo=Google%20Scholar&labelColor=f6f6f6&color=9cf&style=flat&label=citations""></a>.",2021
65,Neural information diffusion prediction with topic-aware attention network,"- <span class=""conference-badge"">Conference Name</span>[Neural information diffusion prediction with topic-aware attention network](Not Found)
Not Found


<a href='https://scholar.google.com/citations?view_op=view_citation&hl=zh-CN&user=OlLjVUcAAAAJ&citation_for_view=OlLjVUcAAAAJ:k_IJM867U9cC'><img src=""https://img.shields.io/endpoint?url=https%3A%2F%2Fraw.githubusercontent.com%2Falbertyang33%2Falbertyang33.github.io%2Fgoogle-scholar-stats%2Fselected_pubs%2Fk_IJM867U9cC.json&logo=Google%20Scholar&labelColor=f6f6f6&color=9cf&style=flat&label=citations""></a>.",2021
66,Package recommendation with intra-and inter-package attention networks,"- <span class=""conference-badge"">Conference Name</span>[Package recommendation with intra-and inter-package attention networks](Not Found)
Not Found


<a href='https://scholar.google.com/citations?view_op=view_citation&hl=zh-CN&user=OlLjVUcAAAAJ&citation_for_view=OlLjVUcAAAAJ:4JMBOYKVnBMC'><img src=""https://img.shields.io/endpoint?url=https%3A%2F%2Fraw.githubusercontent.com%2Falbertyang33%2Falbertyang33.github.io%2Fgoogle-scholar-stats%2Fselected_pubs%2F4JMBOYKVnBMC.json&logo=Google%20Scholar&labelColor=f6f6f6&color=9cf&style=flat&label=citations""></a>.",2021
67,Treasures outside contexts: Improving event detection via global statistics,"- <span class=""conference-badge"">Conference Name</span>[Treasures outside contexts: Improving event detection via global statistics](Not Found)
Not Found


<a href='https://scholar.google.com/citations?view_op=view_citation&hl=zh-CN&user=OlLjVUcAAAAJ&citation_for_view=OlLjVUcAAAAJ:M3NEmzRMIkIC'><img src=""https://img.shields.io/endpoint?url=https%3A%2F%2Fraw.githubusercontent.com%2Falbertyang33%2Falbertyang33.github.io%2Fgoogle-scholar-stats%2Fselected_pubs%2FM3NEmzRMIkIC.json&logo=Google%20Scholar&labelColor=f6f6f6&color=9cf&style=flat&label=citations""></a>.",2021
68,基于异质信息网络的推荐系统研究综述,"- <span class=""conference-badge"">Conference Name</span>[基于异质信息网络的推荐系统研究综述](Not Found)
Not Found


<a href='https://scholar.google.com/citations?view_op=view_citation&hl=zh-CN&user=OlLjVUcAAAAJ&citation_for_view=OlLjVUcAAAAJ:hMod-77fHWUC'><img src=""https://img.shields.io/endpoint?url=https%3A%2F%2Fraw.githubusercontent.com%2Falbertyang33%2Falbertyang33.github.io%2Fgoogle-scholar-stats%2Fselected_pubs%2FhMod-77fHWUC.json&logo=Google%20Scholar&labelColor=f6f6f6&color=9cf&style=flat&label=citations""></a>.",2021
69,Evaluating modules in graph contrastive learning,"- <span class=""conference-badge"">Conference Name</span>[Evaluating modules in graph contrastive learning](https://arxiv.org/abs/2106.08171v2)
Ganqu Cui, Yufeng Du, Cheng Yang, Jie Zhou, Liang Xu, Xing Zhou, Xingyi Cheng, Zhiyuan Liu


<a href='https://scholar.google.com/citations?view_op=view_citation&hl=zh-CN&user=OlLjVUcAAAAJ&citation_for_view=OlLjVUcAAAAJ:j3f4tGmQtD8C'><img src=""https://img.shields.io/endpoint?url=https%3A%2F%2Fraw.githubusercontent.com%2Falbertyang33%2Falbertyang33.github.io%2Fgoogle-scholar-stats%2Fselected_pubs%2Fj3f4tGmQtD8C.json&logo=Google%20Scholar&labelColor=f6f6f6&color=9cf&style=flat&label=citations""></a>.",2021
70,Semantic-specific hierarchical alignment network for heterogeneous graph adaptation,"- <span class=""conference-badge"">Conference Name</span>[Semantic-specific hierarchical alignment network for heterogeneous graph adaptation](Not Found)
Not Found


<a href='https://scholar.google.com/citations?view_op=view_citation&hl=zh-CN&user=OlLjVUcAAAAJ&citation_for_view=OlLjVUcAAAAJ:iH-uZ7U-co4C'><img src=""https://img.shields.io/endpoint?url=https%3A%2F%2Fraw.githubusercontent.com%2Falbertyang33%2Falbertyang33.github.io%2Fgoogle-scholar-stats%2Fselected_pubs%2FiH-uZ7U-co4C.json&logo=Google%20Scholar&labelColor=f6f6f6&color=9cf&style=flat&label=citations""></a>.",2021
71,Tree-Capsule: Tree-Structured Capsule Network for Improving Relation Extraction,"- <span class=""conference-badge"">Conference Name</span>[Tree-Capsule: Tree-Structured Capsule Network for Improving Relation Extraction](Not Found)
Not Found


<a href='https://scholar.google.com/citations?view_op=view_citation&hl=zh-CN&user=OlLjVUcAAAAJ&citation_for_view=OlLjVUcAAAAJ:O3NaXMp0MMsC'><img src=""https://img.shields.io/endpoint?url=https%3A%2F%2Fraw.githubusercontent.com%2Falbertyang33%2Falbertyang33.github.io%2Fgoogle-scholar-stats%2Fselected_pubs%2FO3NaXMp0MMsC.json&logo=Google%20Scholar&labelColor=f6f6f6&color=9cf&style=flat&label=citations""></a>.",2021
72,The Basics of Network Embedding,"- <span class=""conference-badge"">Conference Name</span>[The Basics of Network Embedding](Not Found)
Not Found


<a href='https://scholar.google.com/citations?view_op=view_citation&hl=zh-CN&user=OlLjVUcAAAAJ&citation_for_view=OlLjVUcAAAAJ:CHSYGLWDkRkC'><img src=""https://img.shields.io/endpoint?url=https%3A%2F%2Fraw.githubusercontent.com%2Falbertyang33%2Falbertyang33.github.io%2Fgoogle-scholar-stats%2Fselected_pubs%2FCHSYGLWDkRkC.json&logo=Google%20Scholar&labelColor=f6f6f6&color=9cf&style=flat&label=citations""></a>.",2021
73,Network embedding for community-structured graphs,"- <span class=""conference-badge"">Conference Name</span>[Network embedding for community-structured graphs](Not Found)
Not Found


<a href='https://scholar.google.com/citations?view_op=view_citation&hl=zh-CN&user=OlLjVUcAAAAJ&citation_for_view=OlLjVUcAAAAJ:EUQCXRtRnyEC'><img src=""https://img.shields.io/endpoint?url=https%3A%2F%2Fraw.githubusercontent.com%2Falbertyang33%2Falbertyang33.github.io%2Fgoogle-scholar-stats%2Fselected_pubs%2FEUQCXRtRnyEC.json&logo=Google%20Scholar&labelColor=f6f6f6&color=9cf&style=flat&label=citations""></a>.",2021
74,Network Embedding for Graphs with Node Contents,"- <span class=""conference-badge"">Conference Name</span>[Network Embedding for Graphs with Node Contents](Not Found)
Not Found


<a href='https://scholar.google.com/citations?view_op=view_citation&hl=zh-CN&user=OlLjVUcAAAAJ&citation_for_view=OlLjVUcAAAAJ:uWQEDVKXjbEC'><img src=""https://img.shields.io/endpoint?url=https%3A%2F%2Fraw.githubusercontent.com%2Falbertyang33%2Falbertyang33.github.io%2Fgoogle-scholar-stats%2Fselected_pubs%2FuWQEDVKXjbEC.json&logo=Google%20Scholar&labelColor=f6f6f6&color=9cf&style=flat&label=citations""></a>.",2021
75,Network Embedding for Large-Scale Graphs,"- <span class=""conference-badge"">Conference Name</span>[Network Embedding for Large-Scale Graphs](Not Found)
Not Found


<a href='https://scholar.google.com/citations?view_op=view_citation&hl=zh-CN&user=OlLjVUcAAAAJ&citation_for_view=OlLjVUcAAAAJ:UxriW0iASnsC'><img src=""https://img.shields.io/endpoint?url=https%3A%2F%2Fraw.githubusercontent.com%2Falbertyang33%2Falbertyang33.github.io%2Fgoogle-scholar-stats%2Fselected_pubs%2FUxriW0iASnsC.json&logo=Google%20Scholar&labelColor=f6f6f6&color=9cf&style=flat&label=citations""></a>.",2021
76,Network Embedding for Information Diffusion Prediction,"- <span class=""conference-badge"">Conference Name</span>[Network Embedding for Information Diffusion Prediction](Not Found)
Not Found


<a href='https://scholar.google.com/citations?view_op=view_citation&hl=zh-CN&user=OlLjVUcAAAAJ&citation_for_view=OlLjVUcAAAAJ:dshw04ExmUIC'><img src=""https://img.shields.io/endpoint?url=https%3A%2F%2Fraw.githubusercontent.com%2Falbertyang33%2Falbertyang33.github.io%2Fgoogle-scholar-stats%2Fselected_pubs%2Fdshw04ExmUIC.json&logo=Google%20Scholar&labelColor=f6f6f6&color=9cf&style=flat&label=citations""></a>.",2021
77,Network Embedding for Heterogeneous Graphs,"- <span class=""conference-badge"">Conference Name</span>[Network Embedding for Heterogeneous Graphs](Not Found)
Not Found


<a href='https://scholar.google.com/citations?view_op=view_citation&hl=zh-CN&user=OlLjVUcAAAAJ&citation_for_view=OlLjVUcAAAAJ:KxtntwgDAa4C'><img src=""https://img.shields.io/endpoint?url=https%3A%2F%2Fraw.githubusercontent.com%2Falbertyang33%2Falbertyang33.github.io%2Fgoogle-scholar-stats%2Fselected_pubs%2FKxtntwgDAa4C.json&logo=Google%20Scholar&labelColor=f6f6f6&color=9cf&style=flat&label=citations""></a>.",2021
78,Network Embedding for Social Relation Extraction,"- <span class=""conference-badge"">Conference Name</span>[Network Embedding for Social Relation Extraction](Not Found)
Not Found


<a href='https://scholar.google.com/citations?view_op=view_citation&hl=zh-CN&user=OlLjVUcAAAAJ&citation_for_view=OlLjVUcAAAAJ:nb7KW1ujOQ8C'><img src=""https://img.shields.io/endpoint?url=https%3A%2F%2Fraw.githubusercontent.com%2Falbertyang33%2Falbertyang33.github.io%2Fgoogle-scholar-stats%2Fselected_pubs%2Fnb7KW1ujOQ8C.json&logo=Google%20Scholar&labelColor=f6f6f6&color=9cf&style=flat&label=citations""></a>.",2021
79,Revisiting Attributed Network Embedding: A GCN-Based Perspective,"- <span class=""conference-badge"">Conference Name</span>[Revisiting Attributed Network Embedding: A GCN-Based Perspective](Not Found)
Not Found


<a href='https://scholar.google.com/citations?view_op=view_citation&hl=zh-CN&user=OlLjVUcAAAAJ&citation_for_view=OlLjVUcAAAAJ:P5F9QuxV20EC'><img src=""https://img.shields.io/endpoint?url=https%3A%2F%2Fraw.githubusercontent.com%2Falbertyang33%2Falbertyang33.github.io%2Fgoogle-scholar-stats%2Fselected_pubs%2FP5F9QuxV20EC.json&logo=Google%20Scholar&labelColor=f6f6f6&color=9cf&style=flat&label=citations""></a>.",2021
80,Network Embedding for Recommendation Systems on LBSNs,"- <span class=""conference-badge"">Conference Name</span>[Network Embedding for Recommendation Systems on LBSNs](Not Found)
Not Found


<a href='https://scholar.google.com/citations?view_op=view_citation&hl=zh-CN&user=OlLjVUcAAAAJ&citation_for_view=OlLjVUcAAAAJ:1sJd4Hv_s6UC'><img src=""https://img.shields.io/endpoint?url=https%3A%2F%2Fraw.githubusercontent.com%2Falbertyang33%2Falbertyang33.github.io%2Fgoogle-scholar-stats%2Fselected_pubs%2F1sJd4Hv_s6UC.json&logo=Google%20Scholar&labelColor=f6f6f6&color=9cf&style=flat&label=citations""></a>.",2021
81,Network Embedding for Graphs with Node Labels,"- <span class=""conference-badge"">Conference Name</span>[Network Embedding for Graphs with Node Labels](Not Found)
Not Found


<a href='https://scholar.google.com/citations?view_op=view_citation&hl=zh-CN&user=OlLjVUcAAAAJ&citation_for_view=OlLjVUcAAAAJ:xtRiw3GOFMkC'><img src=""https://img.shields.io/endpoint?url=https%3A%2F%2Fraw.githubusercontent.com%2Falbertyang33%2Falbertyang33.github.io%2Fgoogle-scholar-stats%2Fselected_pubs%2FxtRiw3GOFMkC.json&logo=Google%20Scholar&labelColor=f6f6f6&color=9cf&style=flat&label=citations""></a>.",2021
82,Network Embedding for Graphs with Node Attributes,"- <span class=""conference-badge"">Conference Name</span>[Network Embedding for Graphs with Node Attributes](Not Found)
Not Found


<a href='https://scholar.google.com/citations?view_op=view_citation&hl=zh-CN&user=OlLjVUcAAAAJ&citation_for_view=OlLjVUcAAAAJ:NhqRSupF_l8C'><img src=""https://img.shields.io/endpoint?url=https%3A%2F%2Fraw.githubusercontent.com%2Falbertyang33%2Falbertyang33.github.io%2Fgoogle-scholar-stats%2Fselected_pubs%2FNhqRSupF_l8C.json&logo=Google%20Scholar&labelColor=f6f6f6&color=9cf&style=flat&label=citations""></a>.",2021
83,Network Embedding for General Graphs,"- <span class=""conference-badge"">Conference Name</span>[Network Embedding for General Graphs](Not Found)
Not Found


<a href='https://scholar.google.com/citations?view_op=view_citation&hl=zh-CN&user=OlLjVUcAAAAJ&citation_for_view=OlLjVUcAAAAJ:abG-DnoFyZgC'><img src=""https://img.shields.io/endpoint?url=https%3A%2F%2Fraw.githubusercontent.com%2Falbertyang33%2Falbertyang33.github.io%2Fgoogle-scholar-stats%2Fselected_pubs%2FabG-DnoFyZgC.json&logo=Google%20Scholar&labelColor=f6f6f6&color=9cf&style=flat&label=citations""></a>.",2021
84,Future Directions of Network Embedding,"- <span class=""conference-badge"">Conference Name</span>[Future Directions of Network Embedding](Not Found)
Not Found


<a href='https://scholar.google.com/citations?view_op=view_citation&hl=zh-CN&user=OlLjVUcAAAAJ&citation_for_view=OlLjVUcAAAAJ:b0M2c_1WBrUC'><img src=""https://img.shields.io/endpoint?url=https%3A%2F%2Fraw.githubusercontent.com%2Falbertyang33%2Falbertyang33.github.io%2Fgoogle-scholar-stats%2Fselected_pubs%2Fb0M2c_1WBrUC.json&logo=Google%20Scholar&labelColor=f6f6f6&color=9cf&style=flat&label=citations""></a>.",2021
85,Graph neural networks: A review of methods and applications,"- <span class=""conference-badge"">Conference Name</span>[Graph neural networks: A review of methods and applications](https://arxiv.org/abs/1812.08434v6)
Jie Zhou, Ganqu Cui, Shengding Hu, Zhengyan Zhang, Cheng Yang, Zhiyuan Liu, Lifeng Wang, Changcheng Li, Maosong Sun


<a href='https://scholar.google.com/citations?view_op=view_citation&hl=zh-CN&user=OlLjVUcAAAAJ&citation_for_view=OlLjVUcAAAAJ:WF5omc3nYNoC'><img src=""https://img.shields.io/endpoint?url=https%3A%2F%2Fraw.githubusercontent.com%2Falbertyang33%2Falbertyang33.github.io%2Fgoogle-scholar-stats%2Fselected_pubs%2FWF5omc3nYNoC.json&logo=Google%20Scholar&labelColor=f6f6f6&color=9cf&style=flat&label=citations""></a>.",2020
86,Adaptive graph encoder for attributed graph embedding,"- <span class=""conference-badge"">Conference Name</span>[Adaptive graph encoder for attributed graph embedding](https://arxiv.org/abs/2007.01594v1)
Ganqu Cui, Jie Zhou, Cheng Yang, Zhiyuan Liu


<a href='https://scholar.google.com/citations?view_op=view_citation&hl=zh-CN&user=OlLjVUcAAAAJ&citation_for_view=OlLjVUcAAAAJ:-f6ydRqryjwC'><img src=""https://img.shields.io/endpoint?url=https%3A%2F%2Fraw.githubusercontent.com%2Falbertyang33%2Falbertyang33.github.io%2Fgoogle-scholar-stats%2Fselected_pubs%2F-f6ydRqryjwC.json&logo=Google%20Scholar&labelColor=f6f6f6&color=9cf&style=flat&label=citations""></a>.",2020
87,Graph neural news recommendation with long-term and short-term interest modeling,"- <span class=""conference-badge"">Conference Name</span>[Graph neural news recommendation with long-term and short-term interest modeling](https://arxiv.org/abs/1910.14025v2)
Linmei Hu, Chen Li, Chuan Shi, Cheng Yang, Chao Shao


<a href='https://scholar.google.com/citations?view_op=view_citation&hl=zh-CN&user=OlLjVUcAAAAJ&citation_for_view=OlLjVUcAAAAJ:Wp0gIr-vW9MC'><img src=""https://img.shields.io/endpoint?url=https%3A%2F%2Fraw.githubusercontent.com%2Falbertyang33%2Falbertyang33.github.io%2Fgoogle-scholar-stats%2Fselected_pubs%2FWp0gIr-vW9MC.json&logo=Google%20Scholar&labelColor=f6f6f6&color=9cf&style=flat&label=citations""></a>.",2020
88,Graph neural news recommendation with unsupervised preference disentanglement,"- <span class=""conference-badge"">Conference Name</span>[Graph neural news recommendation with unsupervised preference disentanglement](Not Found)
Not Found


<a href='https://scholar.google.com/citations?view_op=view_citation&hl=zh-CN&user=OlLjVUcAAAAJ&citation_for_view=OlLjVUcAAAAJ:hC7cP41nSMkC'><img src=""https://img.shields.io/endpoint?url=https%3A%2F%2Fraw.githubusercontent.com%2Falbertyang33%2Falbertyang33.github.io%2Fgoogle-scholar-stats%2Fselected_pubs%2FhC7cP41nSMkC.json&logo=Google%20Scholar&labelColor=f6f6f6&color=9cf&style=flat&label=citations""></a>.",2020
89,Mixpoet: Diverse poetry generation via learning controllable mixed latent space,"- <span class=""conference-badge"">Conference Name</span>[Mixpoet: Diverse poetry generation via learning controllable mixed latent space](https://arxiv.org/abs/2003.06094v1)
Xiaoyuan Yi, Ruoyu Li, Cheng Yang, Wenhao Li, Maosong Sun


<a href='https://scholar.google.com/citations?view_op=view_citation&hl=zh-CN&user=OlLjVUcAAAAJ&citation_for_view=OlLjVUcAAAAJ:qUcmZB5y_30C'><img src=""https://img.shields.io/endpoint?url=https%3A%2F%2Fraw.githubusercontent.com%2Falbertyang33%2Falbertyang33.github.io%2Fgoogle-scholar-stats%2Fselected_pubs%2FqUcmZB5y_30C.json&logo=Google%20Scholar&labelColor=f6f6f6&color=9cf&style=flat&label=citations""></a>.",2020
90,PewLSTM: Periodic LSTM with Weather-Aware Gating Mechanism for Parking Behavior Prediction.,"- <span class=""conference-badge"">Conference Name</span>[PewLSTM: Periodic LSTM with Weather-Aware Gating Mechanism for Parking Behavior Prediction.](Not Found)
Not Found


<a href='https://scholar.google.com/citations?view_op=view_citation&hl=zh-CN&user=OlLjVUcAAAAJ&citation_for_view=OlLjVUcAAAAJ:hFOr9nPyWt4C'><img src=""https://img.shields.io/endpoint?url=https%3A%2F%2Fraw.githubusercontent.com%2Falbertyang33%2Falbertyang33.github.io%2Fgoogle-scholar-stats%2Fselected_pubs%2FhFOr9nPyWt4C.json&logo=Google%20Scholar&labelColor=f6f6f6&color=9cf&style=flat&label=citations""></a>.",2020
91,Improving sequence modeling ability of recurrent neural networks via sememes,"- <span class=""conference-badge"">Conference Name</span>[Improving sequence modeling ability of recurrent neural networks via sememes](https://arxiv.org/abs/1910.08910v2)
Yujia Qin, Fanchao Qi, Sicong Ouyang, Zhiyuan Liu, Cheng Yang, Yasheng Wang, Qun Liu, Maosong Sun


<a href='https://scholar.google.com/citations?view_op=view_citation&hl=zh-CN&user=OlLjVUcAAAAJ&citation_for_view=OlLjVUcAAAAJ:mB3voiENLucC'><img src=""https://img.shields.io/endpoint?url=https%3A%2F%2Fraw.githubusercontent.com%2Falbertyang33%2Falbertyang33.github.io%2Fgoogle-scholar-stats%2Fselected_pubs%2FmB3voiENLucC.json&logo=Google%20Scholar&labelColor=f6f6f6&color=9cf&style=flat&label=citations""></a>.",2020
92,Cosine: compressive network embedding on large-scale information networks,"- <span class=""conference-badge"">Conference Name</span>[Cosine: compressive network embedding on large-scale information networks](https://arxiv.org/abs/1812.08972v1)
Zhengyan Zhang, Cheng Yang, Zhiyuan Liu, Maosong Sun, Zhichong Fang, Bo Zhang, Leyu Lin


<a href='https://scholar.google.com/citations?view_op=view_citation&hl=zh-CN&user=OlLjVUcAAAAJ&citation_for_view=OlLjVUcAAAAJ:YsMSGLbcyi4C'><img src=""https://img.shields.io/endpoint?url=https%3A%2F%2Fraw.githubusercontent.com%2Falbertyang33%2Falbertyang33.github.io%2Fgoogle-scholar-stats%2Fselected_pubs%2FYsMSGLbcyi4C.json&logo=Google%20Scholar&labelColor=f6f6f6&color=9cf&style=flat&label=citations""></a>.",2020
93,"KACC: A multi-task benchmark for knowledge abstraction, concretization and completion","- <span class=""conference-badge"">Conference Name</span>[KACC: A multi-task benchmark for knowledge abstraction, concretization and completion](https://arxiv.org/abs/2004.13631v2)
Jie Zhou, Shengding Hu, Xin Lv, Cheng Yang, Zhiyuan Liu, Wei Xu, Jie Jiang, Juanzi Li, Maosong Sun


<a href='https://scholar.google.com/citations?view_op=view_citation&hl=zh-CN&user=OlLjVUcAAAAJ&citation_for_view=OlLjVUcAAAAJ:yD5IFk8b50cC'><img src=""https://img.shields.io/endpoint?url=https%3A%2F%2Fraw.githubusercontent.com%2Falbertyang33%2Falbertyang33.github.io%2Fgoogle-scholar-stats%2Fselected_pubs%2FyD5IFk8b50cC.json&logo=Google%20Scholar&labelColor=f6f6f6&color=9cf&style=flat&label=citations""></a>.",2020
94,Information diffusion prediction with latent factor disentanglement,"- <span class=""conference-badge"">Conference Name</span>[Information diffusion prediction with latent factor disentanglement](https://arxiv.org/abs/2012.08828v1)
Haoran Wang, Cheng Yang


<a href='https://scholar.google.com/citations?view_op=view_citation&hl=zh-CN&user=OlLjVUcAAAAJ&citation_for_view=OlLjVUcAAAAJ:R3hNpaxXUhUC'><img src=""https://img.shields.io/endpoint?url=https%3A%2F%2Fraw.githubusercontent.com%2Falbertyang33%2Falbertyang33.github.io%2Fgoogle-scholar-stats%2Fselected_pubs%2FR3hNpaxXUhUC.json&logo=Google%20Scholar&labelColor=f6f6f6&color=9cf&style=flat&label=citations""></a>.",2020
95,Reinforced zero-shot cross-lingual neural headline generation,"- <span class=""conference-badge"">Conference Name</span>[Reinforced zero-shot cross-lingual neural headline generation](Not Found)
Not Found


<a href='https://scholar.google.com/citations?view_op=view_citation&hl=zh-CN&user=OlLjVUcAAAAJ&citation_for_view=OlLjVUcAAAAJ:HDshCWvjkbEC'><img src=""https://img.shields.io/endpoint?url=https%3A%2F%2Fraw.githubusercontent.com%2Falbertyang33%2Falbertyang33.github.io%2Fgoogle-scholar-stats%2Fselected_pubs%2FHDshCWvjkbEC.json&logo=Google%20Scholar&labelColor=f6f6f6&color=9cf&style=flat&label=citations""></a>.",2020
96,GEAR: Graph-based Evidence Aggregating and Reasoning for Fact Verification,"- <span class=""conference-badge"">Conference Name</span>[GEAR: Graph-based Evidence Aggregating and Reasoning for Fact Verification](https://arxiv.org/abs/1908.01843v1)
Jie Zhou, Xu Han, Cheng Yang, Zhiyuan Liu, Lifeng Wang, Changcheng Li, Maosong Sun


<a href='https://scholar.google.com/citations?view_op=view_citation&hl=zh-CN&user=OlLjVUcAAAAJ&citation_for_view=OlLjVUcAAAAJ:ULOm3_A8WrAC'><img src=""https://img.shields.io/endpoint?url=https%3A%2F%2Fraw.githubusercontent.com%2Falbertyang33%2Falbertyang33.github.io%2Fgoogle-scholar-stats%2Fselected_pubs%2FULOm3_A8WrAC.json&logo=Google%20Scholar&labelColor=f6f6f6&color=9cf&style=flat&label=citations""></a>.",2019
97,CED: Credible early detection of social media rumors,"- <span class=""conference-badge"">Conference Name</span>[CED: Credible early detection of social media rumors](https://arxiv.org/abs/1811.04175v1)
Changhe Song, Cunchao Tu, Cheng Yang, Zhiyuan Liu, Maosong Sun


<a href='https://scholar.google.com/citations?view_op=view_citation&hl=zh-CN&user=OlLjVUcAAAAJ&citation_for_view=OlLjVUcAAAAJ:W7OEmFMy1HYC'><img src=""https://img.shields.io/endpoint?url=https%3A%2F%2Fraw.githubusercontent.com%2Falbertyang33%2Falbertyang33.github.io%2Fgoogle-scholar-stats%2Fselected_pubs%2FW7OEmFMy1HYC.json&logo=Google%20Scholar&labelColor=f6f6f6&color=9cf&style=flat&label=citations""></a>.",2019
98,Neural diffusion model for microscopic cascade study,"- <span class=""conference-badge"">Conference Name</span>[Neural diffusion model for microscopic cascade study](Not Found)
Not Found


<a href='https://scholar.google.com/citations?view_op=view_citation&hl=zh-CN&user=OlLjVUcAAAAJ&citation_for_view=OlLjVUcAAAAJ:4TOpqqG69KYC'><img src=""https://img.shields.io/endpoint?url=https%3A%2F%2Fraw.githubusercontent.com%2Falbertyang33%2Falbertyang33.github.io%2Fgoogle-scholar-stats%2Fselected_pubs%2F4TOpqqG69KYC.json&logo=Google%20Scholar&labelColor=f6f6f6&color=9cf&style=flat&label=citations""></a>.",2019
99,Sentiment-Controllable Chinese Poetry Generation.,"- <span class=""conference-badge"">Conference Name</span>[Sentiment-Controllable Chinese Poetry Generation.](Not Found)
Not Found


<a href='https://scholar.google.com/citations?view_op=view_citation&hl=zh-CN&user=OlLjVUcAAAAJ&citation_for_view=OlLjVUcAAAAJ:_FxGoFyzp5QC'><img src=""https://img.shields.io/endpoint?url=https%3A%2F%2Fraw.githubusercontent.com%2Falbertyang33%2Falbertyang33.github.io%2Fgoogle-scholar-stats%2Fselected_pubs%2F_FxGoFyzp5QC.json&logo=Google%20Scholar&labelColor=f6f6f6&color=9cf&style=flat&label=citations""></a>.",2019
100,Improving distantly-supervised relation extraction with joint label embedding,"- <span class=""conference-badge"">Conference Name</span>[Improving distantly-supervised relation extraction with joint label embedding](Not Found)
Not Found


<a href='https://scholar.google.com/citations?view_op=view_citation&hl=zh-CN&user=OlLjVUcAAAAJ&citation_for_view=OlLjVUcAAAAJ:_kc_bZDykSQC'><img src=""https://img.shields.io/endpoint?url=https%3A%2F%2Fraw.githubusercontent.com%2Falbertyang33%2Falbertyang33.github.io%2Fgoogle-scholar-stats%2Fselected_pubs%2F_kc_bZDykSQC.json&logo=Google%20Scholar&labelColor=f6f6f6&color=9cf&style=flat&label=citations""></a>.",2019
101,Jiuge: A human-machine collaborative chinese classical poetry generation system,"- <span class=""conference-badge"">Conference Name</span>[Jiuge: A human-machine collaborative chinese classical poetry generation system](Not Found)
Not Found


<a href='https://scholar.google.com/citations?view_op=view_citation&hl=zh-CN&user=OlLjVUcAAAAJ&citation_for_view=OlLjVUcAAAAJ:3fE2CSJIrl8C'><img src=""https://img.shields.io/endpoint?url=https%3A%2F%2Fraw.githubusercontent.com%2Falbertyang33%2Falbertyang33.github.io%2Fgoogle-scholar-stats%2Fselected_pubs%2F3fE2CSJIrl8C.json&logo=Google%20Scholar&labelColor=f6f6f6&color=9cf&style=flat&label=citations""></a>.",2019
102,Stylistic chinese poetry generation via unsupervised style disentanglement,"- <span class=""conference-badge"">Conference Name</span>[Stylistic chinese poetry generation via unsupervised style disentanglement](Not Found)
Not Found


<a href='https://scholar.google.com/citations?view_op=view_citation&hl=zh-CN&user=OlLjVUcAAAAJ&citation_for_view=OlLjVUcAAAAJ:Y0pCki6q_DkC'><img src=""https://img.shields.io/endpoint?url=https%3A%2F%2Fraw.githubusercontent.com%2Falbertyang33%2Falbertyang33.github.io%2Fgoogle-scholar-stats%2Fselected_pubs%2FY0pCki6q_DkC.json&logo=Google%20Scholar&labelColor=f6f6f6&color=9cf&style=flat&label=citations""></a>.",2018
103,Zero-shot cross-lingual neural headline generation,"- <span class=""conference-badge"">Conference Name</span>[Zero-shot cross-lingual neural headline generation](Not Found)
Not Found


<a href='https://scholar.google.com/citations?view_op=view_citation&hl=zh-CN&user=OlLjVUcAAAAJ&citation_for_view=OlLjVUcAAAAJ:zYLM7Y9cAGgC'><img src=""https://img.shields.io/endpoint?url=https%3A%2F%2Fraw.githubusercontent.com%2Falbertyang33%2Falbertyang33.github.io%2Fgoogle-scholar-stats%2Fselected_pubs%2FzYLM7Y9cAGgC.json&logo=Google%20Scholar&labelColor=f6f6f6&color=9cf&style=flat&label=citations""></a>.",2018
104,Chinese LIWC lexicon expansion via hierarchical classification of word embeddings with sememe attention,"- <span class=""conference-badge"">Conference Name</span>[Chinese LIWC lexicon expansion via hierarchical classification of word embeddings with sememe attention](Not Found)
Not Found


<a href='https://scholar.google.com/citations?view_op=view_citation&hl=zh-CN&user=OlLjVUcAAAAJ&citation_for_view=OlLjVUcAAAAJ:IjCSPb-OGe4C'><img src=""https://img.shields.io/endpoint?url=https%3A%2F%2Fraw.githubusercontent.com%2Falbertyang33%2Falbertyang33.github.io%2Fgoogle-scholar-stats%2Fselected_pubs%2FIjCSPb-OGe4C.json&logo=Google%20Scholar&labelColor=f6f6f6&color=9cf&style=flat&label=citations""></a>.",2018
105,基于神经网络的集句诗自动生成,"- <span class=""conference-badge"">Conference Name</span>[基于神经网络的集句诗自动生成](Not Found)
Not Found


<a href='https://scholar.google.com/citations?view_op=view_citation&hl=zh-CN&user=OlLjVUcAAAAJ&citation_for_view=OlLjVUcAAAAJ:roLk4NBRz8UC'><img src=""https://img.shields.io/endpoint?url=https%3A%2F%2Fraw.githubusercontent.com%2Falbertyang33%2Falbertyang33.github.io%2Fgoogle-scholar-stats%2Fselected_pubs%2FroLk4NBRz8UC.json&logo=Google%20Scholar&labelColor=f6f6f6&color=9cf&style=flat&label=citations""></a>.",2018
106,A neural network approach to jointly modeling social networks and mobile trajectories,"- <span class=""conference-badge"">Conference Name</span>[A neural network approach to jointly modeling social networks and mobile trajectories](Not Found)
Not Found


<a href='https://scholar.google.com/citations?view_op=view_citation&hl=zh-CN&user=OlLjVUcAAAAJ&citation_for_view=OlLjVUcAAAAJ:qjMakFHDy7sC'><img src=""https://img.shields.io/endpoint?url=https%3A%2F%2Fraw.githubusercontent.com%2Falbertyang33%2Falbertyang33.github.io%2Fgoogle-scholar-stats%2Fselected_pubs%2FqjMakFHDy7sC.json&logo=Google%20Scholar&labelColor=f6f6f6&color=9cf&style=flat&label=citations""></a>.",2017
107,Fast network embedding enhancement via high order proximity approximation.,"- <span class=""conference-badge"">Conference Name</span>[Fast network embedding enhancement via high order proximity approximation.](Not Found)
Not Found


<a href='https://scholar.google.com/citations?view_op=view_citation&hl=zh-CN&user=OlLjVUcAAAAJ&citation_for_view=OlLjVUcAAAAJ:2osOgNQ5qMEC'><img src=""https://img.shields.io/endpoint?url=https%3A%2F%2Fraw.githubusercontent.com%2Falbertyang33%2Falbertyang33.github.io%2Fgoogle-scholar-stats%2Fselected_pubs%2F2osOgNQ5qMEC.json&logo=Google%20Scholar&labelColor=f6f6f6&color=9cf&style=flat&label=citations""></a>.",2017
108,网络表示学习综述,"- <span class=""conference-badge"">Conference Name</span>[网络表示学习综述](Not Found)
Not Found


<a href='https://scholar.google.com/citations?view_op=view_citation&hl=zh-CN&user=OlLjVUcAAAAJ&citation_for_view=OlLjVUcAAAAJ:TQgYirikUcIC'><img src=""https://img.shields.io/endpoint?url=https%3A%2F%2Fraw.githubusercontent.com%2Falbertyang33%2Falbertyang33.github.io%2Fgoogle-scholar-stats%2Fselected_pubs%2FTQgYirikUcIC.json&logo=Google%20Scholar&labelColor=f6f6f6&color=9cf&style=flat&label=citations""></a>.",2017
109,Real-time topic-aware influence maximization using preprocessing,"- <span class=""conference-badge"">Conference Name</span>[Real-time topic-aware influence maximization using preprocessing](https://arxiv.org/abs/1403.0057v2)
Wei Chen, Tian Lin, Cheng Yang


<a href='https://scholar.google.com/citations?view_op=view_citation&hl=zh-CN&user=OlLjVUcAAAAJ&citation_for_view=OlLjVUcAAAAJ:d1gkVwhDpl0C'><img src=""https://img.shields.io/endpoint?url=https%3A%2F%2Fraw.githubusercontent.com%2Falbertyang33%2Falbertyang33.github.io%2Fgoogle-scholar-stats%2Fselected_pubs%2Fd1gkVwhDpl0C.json&logo=Google%20Scholar&labelColor=f6f6f6&color=9cf&style=flat&label=citations""></a>.",2016
110,Network representation learning with rich text information,"- <span class=""conference-badge"">Conference Name</span>[Network representation learning with rich text information](Not Found)
Not Found


<a href='https://scholar.google.com/citations?view_op=view_citation&hl=zh-CN&user=OlLjVUcAAAAJ&citation_for_view=OlLjVUcAAAAJ:u5HHmVD_uO8C'><img src=""https://img.shields.io/endpoint?url=https%3A%2F%2Fraw.githubusercontent.com%2Falbertyang33%2Falbertyang33.github.io%2Fgoogle-scholar-stats%2Fselected_pubs%2Fu5HHmVD_uO8C.json&logo=Google%20Scholar&labelColor=f6f6f6&color=9cf&style=flat&label=citations""></a>.",2015
111,Comprehend deepwalk as matrix factorization,"- <span class=""conference-badge"">Conference Name</span>[Comprehend deepwalk as matrix factorization](https://arxiv.org/abs/1501.00358v1)
Cheng Yang, Zhiyuan Liu


<a href='https://scholar.google.com/citations?view_op=view_citation&hl=zh-CN&user=OlLjVUcAAAAJ&citation_for_view=OlLjVUcAAAAJ:LkGwnXOMwfcC'><img src=""https://img.shields.io/endpoint?url=https%3A%2F%2Fraw.githubusercontent.com%2Falbertyang33%2Falbertyang33.github.io%2Fgoogle-scholar-stats%2Fselected_pubs%2FLkGwnXOMwfcC.json&logo=Google%20Scholar&labelColor=f6f6f6&color=9cf&style=flat&label=citations""></a>.",2015
